Fish_ID,Schisto_exposure,Schisto_pop,Schisto_fam,Cage,Died_in_cage,Schisto_infection,Plerocercoid_weight_mg,Treatment,Date_Schisto_exposure,Date_in_lake,Date_dissected,Age_at_dissection,Fish_sex,Initial_total_length_mm,Initial_std_length_mm,Initial_weight_g,Final_total_length_mm,Final_std_length_mm,Final_weight_g,Final_weight_no_Schisto,HK_weight_mg,Spleen_weight_mg,Liver_weight_mg,Gonad_weight_mg,Irregular_Apatemon_Cysts,Tr,Af,Er,Gy,Gl,Ac,Cp,Dg,Dp,Ec,Ph,Sg,Tc,Ju,An,Cl,Co,Ra,Ps,Pf,Vc
1,1,LG,LG-A,1,1,,,,12.05.09,20.05.09,,,,45,40,0.6577,,,,,,,,,,,,,,,,,,,,,,,,,,,,,,
2,1,LG,LG-A,1,1,,,,12.05.09,20.05.09,,,,44,39,0.5832,,,,,,,,,,,,,,,,,,,,,,,,,,,,,,
3,1,LG,LG-A,1,1,,,,12.05.09,20.05.09,,,,42,37,0.5806,,,,,,,,,,,,,,,,,,,,,,,,,,,,,,
4,1,LG,LG-A,1,1,,,,12.05.09,20.05.09,,,,42,37,0.5765,,,,,,,,,,,,,,,,,,,,,,,,,,,,,,
5,1,LG,LG-A,1,1,,,,12.05.09,20.05.09,,,,44,39,0.6578,,,,,,,,,,,,,,,,,,,,,,,,,,,,,,
6,1,HG,HG-B,1,0,1,238,Infected HG,13.05.09,20.05.09,10.08.09,89,M,44,39,0.6489,51,45,1.1752,0.9372,2.1,1.3,19.9,2.4,,3,2,0,0,0,37,3,1,10,4,0,0,0,1,0,1,0,0,0,5,0
7,1,HG,HG-B,1,1,,,,13.05.09,20.05.09,,,,45,40,0.6701,,,,,,,,,,,,,,,,,,,,,,,,,,,,,,
8,1,HG,HG-B,1,1,,,,13.05.09,20.05.09,,,,42,38,0.5621,,,,,,,,,,,,,,,,,,,,,,,,,,,,,,
9,1,HG,HG-B,1,1,,,,13.05.09,20.05.09,,,,46,40,0.7332,,,,,,,,,,,,,,,,,,,,,,,,,,,,,,
10,1,HG,HG-B,1,1,,,,13.05.09,20.05.09,,,,43,38,0.5611,,,,,,,,,,,,,,,,,,,,,,,,,,,,,,
11,0,,,1,1,0,,,13.05.09,20.05.09,10.08.09,89,,45,40,0.7515,,,,,,,,,,,,,,,,,,,,,,,,,,,,,,
12,0,,,1,1,0,,,13.05.09,20.05.09,10.08.09,89,,50,45,1.0399,,,,,,,,,,,,,,,,,,,,,,,,,,,,,,
13,0,,,1,1,,,,13.05.09,20.05.09,,,,42,38,0.5525,,,,,,,,,,,,,,,,,,,,,,,,,,,,,,
14,0,,,1,1,,,,13.05.09,20.05.09,,,,44,40,0.6466,,,,,,,,,,,,,,,,,,,,,,,,,,,,,,
15,0,,,1,0,0,,Control,13.05.09,20.05.09,10.08.09,89,F,42,37,0.5414,56,49,1.2716,1.2716,5.7,3,54.5,56.3,,1,0,0,0,0,53,2,0,3,1,0,0,0,8,0,0,0,0,0,1,0
16,1,LG,LG-B,1,1,,,,13.05.09,20.05.09,,,,43,38,0.6529,,,,,,,,,,,,,,,,,,,,,,,,,,,,,,
17,1,LG,LG-B,1,0,0,,Uninfected,13.05.09,20.05.09,10.08.09,89,M,42,37,0.56,50,43,0.9377,0.9377,3,2.3,22,6.8,,0,0,0,0,0,56,9,1,1,7,0,0,0,1,0,0,0,0,0,1,0
18,1,LG,LG-B,1,0,1,94.3,Infected LG,13.05.09,20.05.09,10.08.09,89,F,47,42,0.875,54,48,1.2785,1.1842,3,0.9,21.5,23.2,,1,1,0,0,0,83,3,0,0,4,0,0,0,7,0,0,0,0,0,1,0
19,1,LG,LG-B,1,1,,,,13.05.09,20.05.09,,,,44,39,0.6436,,,,,,,,,,,,,,,,,,,,,,,,,,,,,,
20,1,LG,LG-B,1,1,,,,13.05.09,20.05.09,,,,48,42,0.7967,,,,,,,,,,,,,,,,,,,,,,,,,,,,,,
21,1,HG,HG-A,1,1,,,,12.05.09,20.05.09,,,,44,39,0.7086,,,,,,,,,,,,,,,,,,,,,,,,,,,,,,
22,1,HG,HG-A,1,0,1,282.1,Infected HG,12.05.09,20.05.09,10.08.09,90,F,47,42,0.7861,55,48,1.3332,1.0511,2.8,2.2,26.1,41.1,,1,0,0,0,0,58,1,0,3,3,0,1,0,7,0,3,0,0,0,10,0
23,1,HG,HG-A,1,1,,,,12.05.09,20.05.09,,,,45,40,0.7201,,,,,,,,,,,,,,,,,,,,,,,,,,,,,,
24,1,HG,HG-A,1,1,,,,12.05.09,20.05.09,,,,48,43,0.7834,,,,,,,,,,,,,,,,,,,,,,,,,,,,,,
25,1,HG,HG-A,1,1,,,,12.05.09,20.05.09,,,,43,38,0.59,,,,,,,,,,,,,,,,,,,,,,,,,,,,,,
26,1,LG,LG-A,1,0,1,244.9,Infected LG,12.05.09,20.05.09,10.08.09,90,F,44,39,0.6393,61,54,2.0706,1.8257,4,2.9,57.2,189.3,,0,1,0,0,0,49,0,0,4,7,0,1,0,2,0,1,0,0,0,2,0
27,1,LG,LG-A,1,1,,,,12.05.09,20.05.09,,,,44,39,0.6267,,,,,,,,,,,,,,,,,,,,,,,,,,,,,,
28,1,LG,LG-A,1,1,,,,12.05.09,20.05.09,,,,44,39,0.6548,,,,,,,,,,,,,,,,,,,,,,,,,,,,,,
29,1,LG,LG-A,1,1,,,,12.05.09,20.05.09,,,,42,37,0.5584,,,,,,,,,,,,,,,,,,,,,,,,,,,,,,
30,1,LG,LG-A,1,1,,,,12.05.09,20.05.09,,,,46,41,0.7913,,,,,,,,,,,,,,,,,,,,,,,,,,,,,,
31,1,HG,HG-B,1,1,,,,13.05.09,20.05.09,,,,44,39,0.64,,,,,,,,,,,,,,,,,,,,,,,,,,,,,,
32,1,HG,HG-B,1,1,,,,13.05.09,20.05.09,,,,41,37,0.5092,,,,,,,,,,,,,,,,,,,,,,,,,,,,,,
33,1,HG,HG-B,1,1,,,,13.05.09,20.05.09,,,,40,36,0.4799,,,,,,,,,,,,,,,,,,,,,,,,,,,,,,
34,1,HG,HG-B,1,1,,,,13.05.09,20.05.09,,,,46,41,0.7377,,,,,,,,,,,,,,,,,,,,,,,,,,,,,,
35,1,HG,HG-B,1,1,,,,13.05.09,20.05.09,,,,45,40,0.688,,,,,,,,,,,,,,,,,,,,,,,,,,,,,,
36,0,,,1,0,0,,Control,12.05.09,20.05.09,10.08.09,90,F,47,42,0.7934,54,47,1.0225,1.0225,2.5,1.1,20.5,13,,1,0,0,0,1,54,5,1,0,3,0,0,0,0,0,0,0,0,0,0,0
37,0,,,1,1,,,,12.05.09,20.05.09,,,,45,40,0.6691,,,,,,,,,,,,,,,,,,,,,,,,,,,,,,
38,0,,,1,1,,,,12.05.09,20.05.09,,,,43,38,0.623,,,,,,,,,,,,,,,,,,,,,,,,,,,,,,
39,0,,,1,1,,,,12.05.09,20.05.09,,,,39,35,0.4608,,,,,,,,,,,,,,,,,,,,,,,,,,,,,,
40,0,,,1,1,,,,12.05.09,20.05.09,,,,39,34,0.4971,,,,,,,,,,,,,,,,,,,,,,,,,,,,,,
41,1,LG,LG-B,1,0,1,189.1,Infected LG,13.05.09,20.05.09,10.08.09,89,M,44,39,0.7122,51,45,1.2778,1.0887,2,1,20.8,3.7,,1,1,0,0,0,60,2,0,1,5,0,0,0,0,0,0,0,0,0,2,0
42,1,LG,LG-B,1,1,,,,13.05.09,20.05.09,,,,40,35,0.5065,,,,,,,,,,,,,,,,,,,,,,,,,,,,,,
43,1,LG,LG-B,1,0,0,,Uninfected,13.05.09,20.05.09,10.08.09,89,M,43,38,0.6206,49,43,0.8047,0.8047,1.7,1.2,8.9,3.2,,1,1,0,0,0,112,2,5,1,2,0,0,0,31,0,0,0,0,0,1,0
44,1,LG,LG-B,1,1,,,,13.05.09,20.05.09,,,,45,40,0.7054,,,,,,,,,,,,,,,,,,,,,,,,,,,,,,
45,1,LG,LG-B,1,1,,,,13.05.09,20.05.09,,,,44,39,0.7189,,,,,,,,,,,,,,,,,,,,,,,,,,,,,,
46,1,HG,HG-A,1,0,1,304.2,Infected HG,12.05.09,20.05.09,10.08.09,90,M,40,36,0.5297,50,45,1.289,0.9848,4.9,2.9,32.7,3.7,,1,0,0,0,0,26,0,0,1,5,0,0,0,0,0,0,0,0,0,6,0
47,1,HG,HG-A,1,1,,,,12.05.09,20.05.09,,,,44,40,0.7503,,,,,,,,,,,,,,,,,,,,,,,,,,,,,,
48,1,HG,HG-A,1,1,,,,12.05.09,20.05.09,,,,44,39,0.7161,,,,,,,,,,,,,,,,,,,,,,,,,,,,,,
49,1,HG,HG-A,1,1,,,,12.05.09,20.05.09,,,,43,38,0.6252,,,,,,,,,,,,,,,,,,,,,,,,,,,,,,
50,1,HG,HG-A,1,1,,,,12.05.09,20.05.09,,,,44,39,0.6915,,,,,,,,,,,,,,,,,,,,,,,,,,,,,,
51,1,LG,LG-A,2,1,,,,12.05.09,20.05.09,,,,42,37,0.6542,,,,,,,,,,,,,,,,,,,,,,,,,,,,,,
52,1,LG,LG-A,2,0,1,145.9,Infected LG,12.05.09,20.05.09,10.08.09,90,M,43,38,0.6763,47,42,0.972,0.8261,1.4,0.8,11.3,2.1,,1,1,0,0,0,73,1,0,1,2,0,0,0,3,0,0,0,0,0,3,0
53,1,LG,LG-A,2,1,,,,12.05.09,20.05.09,,,,48,43,1.0211,,,,,,,,,,,,,,,,,,,,,,,,,,,,,,
54,1,LG,LG-A,2,1,,,,12.05.09,20.05.09,,,,43,38,0.696,,,,,,,,,,,,,,,,,,,,,,,,,,,,,,
55,1,LG,LG-A,2,1,,,,12.05.09,20.05.09,,,,43,37,0.6763,,,,,,,,,,,,,,,,,,,,,,,,,,,,,,
56,1,HG,HG-B,2,1,,,,13.05.09,20.05.09,,,,44,38,0.696,,,,,,,,,,,,,,,,,,,,,,,,,,,,,,
57,1,HG,HG-B,2,1,0,,,13.05.09,20.05.09,10.08.09,89,,47,42,0.9898,,,,,,,,,,,,,,,,,,,,,,,,,,,,,,
58,1,HG,HG-B,2,0,0,,Uninfected,13.05.09,20.05.09,10.08.09,89,M,47,43,1.0216,53,47,1.1538,1.1538,1.5,3,18.5,5.2,,0,1,0,0,0,78,6,0,0,2,0,2,0,0,0,0,0,0,0,1,0
59,1,HG,HG-B,2,1,,,,13.05.09,20.05.09,,,,43,38,0.6295,,,,,,,,,,,,,,,,,,,,,,,,,,,,,,
60,1,HG,HG-B,2,0,1,298.3,Infected HG,13.05.09,20.05.09,10.08.09,89,M,44,39,0.6889,53,47,1.6348,1.3365,7,2.2,9.9,7.4,,0,0,0,0,0,49,5,0,1,5,0,0,0,0,0,1,1,0,0,4,0
61,0,,,2,1,,,,12.05.09,20.05.09,,,,47,41,0.8736,,,,,,,,,,,,,,,,,,,,,,,,,,,,,,
62,0,,,2,1,,,,12.05.09,20.05.09,,,,47,42,0.9853,,,,,,,,,,,,,,,,,,,,,,,,,,,,,,
63,0,,,2,0,0,,Control,12.05.09,20.05.09,10.08.09,90,M,42,38,0.6385,49,43,0.9815,0.9815,3.3,2.1,19.9,7.6,,1,0,0,0,0,47,4,1,2,0,0,3,0,0,0,0,0,0,0,0,0
64,0,,,2,1,,,,12.05.09,20.05.09,,,,44,39,0.8175,,,,,,,,,,,,,,,,,,,,,,,,,,,,,,
65,0,,,2,1,,,,12.05.09,20.05.09,,,,43,38,0.7214,,,,,,,,,,,,,,,,,,,,,,,,,,,,,,
66,1,LG,LG-B,2,1,,,,13.05.09,20.05.09,,,,49,43,1.0455,,,,,,,,,,,,,,,,,,,,,,,,,,,,,,
67,1,LG,LG-B,2,0,0,,Uninfected,13.05.09,20.05.09,10.08.09,89,M,46,41,0.8148,51,45,1.0215,1.0215,2,1,8.8,3.5,,1,0,0,0,0,101,2,1,0,1,0,3,0,3,0,0,0,0,0,4,0
68,1,LG,LG-B,2,0,1,205.7,Infected LG,13.05.09,20.05.09,10.08.09,89,M,46,41,0.8807,52,46,1.2582,1.0525,2.1,1.6,13.3,5.8,,1,0,0,0,0,76,1,0,0,1,0,0,0,2,0,1,0,0,0,2,0
69,1,LG,LG-B,2,1,,,,13.05.09,20.05.09,,,,49,43,1.1008,,,,,,,,,,,,,,,,,,,,,,,,,,,,,,
70,1,LG,LG-B,2,0,1,207.3,Infected LG,13.05.09,20.05.09,10.08.09,89,F,47,42,0.9173,56,49,1.4367,1.2294,2.5,1.7,17.7,31.8,,0,1,0,0,0,72,2,1,4,7,0,0,0,1,0,0,0,0,0,1,0
71,1,HG,HG-A,2,1,,,,12.05.09,20.05.09,,,,43,38,0.6586,,,,,,,,,,,,,,,,,,,,,,,,,,,,,,
72,1,HG,HG-A,2,0,0,,Uninfected,12.05.09,20.05.09,10.08.09,90,F,44,39,0.7619,50,45,0.9772,0.9772,2.6,1.2,20.7,39,,0,0,0,0,0,68,3,0,2,1,0,0,0,3,0,0,0,0,0,1,0
73,1,HG,HG-A,2,1,,,,12.05.09,20.05.09,,,,46,40,0.8212,,,,,,,,,,,,,,,,,,,,,,,,,,,,,,
74,1,HG,HG-A,2,1,,,,12.05.09,20.05.09,,,,43,38,0.7255,,,,,,,,,,,,,,,,,,,,,,,,,,,,,,
75,1,HG,HG-A,2,1,,,,12.05.09,20.05.09,,,,43,38,0.6313,,,,,,,,,,,,,,,,,,,,,,,,,,,,,,
76,1,LG,LG-A,2,0,0,,Uninfected,12.05.09,20.05.09,10.08.09,90,F,46,40,0.7525,52,45,0.9245,0.9245,1.4,0.9,15.5,54.4,,0,0,0,0,0,57,0,0,1,0,0,0,0,2,0,0,0,0,0,0,0
77,1,LG,LG-A,2,1,1,,,12.05.09,20.05.09,10.08.09,90,,45,40,0.7892,,,,,,,,,,,,,,,,,,,,,,,,,,,,,,
78,1,LG,LG-A,2,1,,,,12.05.09,20.05.09,,,,41,36,0.6002,,,,,,,,,,,,,,,,,,,,,,,,,,,,,,
79,1,LG,LG-A,2,1,0,,,12.05.09,20.05.09,10.08.09,90,,44,39,0.7329,,,,,,,,,,,,,,,,,,,,,,,,,,,,,,
80,1,LG,LG-A,2,1,,,,12.05.09,20.05.09,,,,44,38,0.7785,,,,,,,,,,,,,,,,,,,,,,,,,,,,,,
81,1,HG,HG-B,2,1,,,,13.05.09,20.05.09,,,,46,40,0.8954,,,,,,,,,,,,,,,,,,,,,,,,,,,,,,
82,1,HG,HG-B,2,1,,,,13.05.09,20.05.09,,,,46,41,0.9216,,,,,,,,,,,,,,,,,,,,,,,,,,,,,,
83,1,HG,HG-B,2,1,,,,13.05.09,20.05.09,,,,50,43,1.036,,,,,,,,,,,,,,,,,,,,,,,,,,,,,,
84,1,HG,HG-B,2,1,0,,,13.05.09,20.05.09,10.08.09,89,,44,39,0.7339,,,,,,,,,,,,,,,,,,,,,,,,,,,,,,
85,1,HG,HG-B,2,0,1,292.3,Infected HG,13.05.09,20.05.09,10.08.09,89,F,44,39,0.8358,50,44,1.3105,1.0182,3.4,1.4,26.1,29.8,,0,0,0,0,0,52,4,1,1,3,0,0,0,0,0,0,0,0,0,0,0
86,0,,,2,1,,,,13.05.09,20.05.09,,,,,,,,,,,,,,,,,,,,,,,,,,,,,,,,,,,,
87,0,,,2,1,0,,,13.05.09,20.05.09,10.08.09,89,,45,40,0.8356,,,,,,,,,,,,,,,,,,,,,,,,,,,,,,
88,0,,,2,1,,,,13.05.09,20.05.09,,,,45,40,0.9536,,,,,,,,,,,,,,,,,,,,,,,,,,,,,,
89,0,,,2,1,,,,13.05.09,20.05.09,,,,47,41,0.9167,,,,,,,,,,,,,,,,,,,,,,,,,,,,,,
90,0,,,2,1,0,,,13.05.09,20.05.09,10.08.09,89,,50,43,1.0146,,,,,,,,,,,,,,,,,,,,,,,,,,,,,,
91,1,LG,LG-B,2,1,,,,13.05.09,20.05.09,,,,45,39,0.8237,,,,,,,,,,,,,,,,,,,,,,,,,,,,,,
92,1,LG,LG-B,2,1,,,,13.05.09,20.05.09,,,,43,38,0.8233,,,,,,,,,,,,,,,,,,,,,,,,,,,,,,
93,1,LG,LG-B,2,1,,,,13.05.09,20.05.09,,,,50,44,1.0884,,,,,,,,,,,,,,,,,,,,,,,,,,,,,,
94,1,LG,LG-B,2,0,0,,Uninfected,13.05.09,20.05.09,10.08.09,89,F,44,39,0.8158,52,45,1.0018,1.0018,1.5,1.2,11.6,10.9,,1,1,0,0,0,73,3,1,4,3,0,0,0,20,0,0,0,0,0,0,0
95,1,LG,LG-B,2,1,,,,13.05.09,20.05.09,,,,54,48,1.3806,,,,,,,,,,,,,,,,,,,,,,,,,,,,,,
96,1,HG,HG-A,2,1,,,,12.05.09,20.05.09,,,,51,45,1.2251,,,,,,,,,,,,,,,,,,,,,,,,,,,,,,
97,1,HG,HG-A,2,0,1,315.5,Infected HG,12.05.09,20.05.09,10.08.09,90,F,44,39,0.7645,52,46,1.2692,0.9537,1.4,1.8,22.4,30.6,,1,0,0,0,0,43,9,3,2,4,0,0,0,5,0,1,0,1,0,2,1
98,1,HG,HG-A,2,1,,,,12.05.09,20.05.09,,,,48,43,0.965,,,,,,,,,,,,,,,,,,,,,,,,,,,,,,
99,1,HG,HG-A,2,1,,,,12.05.09,20.05.09,,,,49,43,0.9539,,,,,,,,,,,,,,,,,,,,,,,,,,,,,,
100,1,HG,HG-A,2,1,1,304.1,,12.05.09,20.05.09,10.08.09,90,,44,39,0.73,,,,,,,,,,,,,,,,,,,,,,,,,,,,,,
101,1,LG,LG-A,3,0,1,253.7,Infected LG,12.05.09,20.05.09,11.08.09,91,F,49,43,0.9306,59,53,1.7197,1.466,4.9,5.4,32.2,20.6,,1,0,0,9,0,48,0,1,2,4,0,0,0,2,0,0,0,0,0,8,0
102,1,LG,LG-A,3,0,0,,Uninfected,12.05.09,20.05.09,11.08.09,91,M,42,37,0.5769,52,45,1.119,1.119,2.2,2.9,34.8,10.6,,0,1,0,1,0,51,3,1,1,3,0,0,0,4,0,1,0,1,0,8,0
103,1,LG,LG-A,3,0,1,185.5,Infected LG,12.05.09,20.05.09,11.08.09,91,F,47,41,0.862,57,50,1.4836,1.2981,2.9,2.5,29.7,23.9,,2,0,0,2,0,54,4,0,1,4,0,0,0,0,0,0,0,0,0,4,0
104,1,LG,LG-A,3,1,,,,12.05.09,20.05.09,,,,45,40,0.7471,,,,,,,,,,,,,,,,,,,,,,,,,,,,,,
105,1,LG,LG-A,3,0,1,111,Infected LG,12.05.09,20.05.09,11.08.09,91,M,41,37,0.5952,48,42,0.8996,0.7886,1.7,1.3,15.6,5.8,,0,1,0,13,0,61,3,1,1,3,0,0,0,3,0,0,0,0,0,1,0
106,1,HG,HG-B,3,0,0,,Uninfected,13.05.09,20.05.09,11.08.09,90,F,46,40,0.829,55,48,1.1748,1.1748,3.9,3.4,32.9,34.5,,0,0,0,1,0,43,5,0,2,8,0,0,0,5,0,2,1,0,0,8,0
107,1,HG,HG-B,3,1,,,,13.05.09,20.05.09,,,,46,40,0.7125,,,,,,,,,,,,,,,,,,,,,,,,,,,,,,
108,1,HG,HG-B,3,1,,,,13.05.09,20.05.09,,,,42,37,0.565,,,,,,,,,,,,,,,,,,,,,,,,,,,,,,
109,1,HG,HG-B,3,0,0,,Uninfected,13.05.09,20.05.09,11.08.09,90,M,40,35,0.5467,50,45,1.4936,1.4936,6.4,4.5,37.5,11.7,,1,2,0,0,0,39,13,0,2,5,0,0,0,6,0,1,0,0,0,5,0
110,1,HG,HG-B,3,1,,,,13.05.09,20.05.09,,,,40,35,0.5238,,,,,,,,,,,,,,,,,,,,,,,,,,,,,,
111,0,,,3,0,0,,Control,12.05.09,20.05.09,11.08.09,91,F,48,43,0.8915,57,50,1.2711,1.2711,2.8,2.4,29.6,55.8,,0,0,0,0,0,49,4,0,1,3,0,0,0,7,0,2,0,0,0,0,0
112,0,,,3,0,0,,Control,12.05.09,20.05.09,11.08.09,91,F,40,36,0.5819,50,44,0.9552,0.9552,1.9,2.1,25.3,8.6,,3,0,0,1,0,61,0,0,3,2,0,0,0,1,0,0,0,0,0,5,0
113,0,,,3,0,0,,Control,12.05.09,20.05.09,11.08.09,91,F,42,37,0.5161,53,46,0.9625,0.9625,3.1,3.2,30.3,25,,0,0,0,0,0,59,8,0,3,5,0,1,0,0,0,0,0,0,0,1,0
114,0,,,3,0,0,,Control,12.05.09,20.05.09,11.08.09,91,M,40,35,0.5318,48,42,0.979,0.979,3.4,2.9,17.6,7.9,,0,0,0,9,0,63,6,0,2,1,0,0,0,10,0,1,1,0,0,6,0
115,0,,,3,0,0,,Control,12.05.09,20.05.09,11.08.09,91,M,40,35,0.4914,48,42,0.8198,0.8198,1.3,2.4,15,3.8,,0,0,0,7,0,59,3,0,0,0,0,0,0,7,0,1,0,0,0,4,0
116,1,LG,LG-B,3,1,,,,13.05.09,20.05.09,,,,43,38,0.6418,,,,,,,,,,,,,,,,,,,,,,,,,,,,,,
117,1,LG,LG-B,3,0,0,,Uninfected,13.05.09,20.05.09,11.08.09,90,M,46,41,0.862,53,46,1.1778,1.1778,2.7,3,15.9,9.8,,1,1,0,16,0,60,8,1,2,3,0,0,0,12,0,0,0,0,0,6,0
118,1,LG,LG-B,3,1,,,,13.05.09,20.05.09,,,,44,40,0.7256,,,,,,,,,,,,,,,,,,,,,,,,,,,,,,
119,1,LG,LG-B,3,0,1,256,Infected LG,13.05.09,20.05.09,11.08.09,90,F,45,40,0.7392,58,51,1.8417,1.5857,5.6,5.4,41.9,27.4,,0,0,0,0,0,50,2,0,1,1,0,0,1,2,0,2,0,0,0,9,0
120,1,LG,LG-B,3,0,1,275.8,Infected LG,13.05.09,20.05.09,11.08.09,90,F,45,40,0.8514,56,49,1.6553,1.3795,5,2.4,37.3,28.6,,1,0,0,1,0,62,12,0,1,4,0,0,0,0,0,0,0,0,0,12,0
121,1,HG,HG-A,3,1,,,,12.05.09,20.05.09,,,,44,39,0.7008,,,,,,,,,,,,,,,,,,,,,,,,,,,,,,
122,1,HG,HG-A,3,0,0,,Uninfected,12.05.09,20.05.09,11.08.09,91,F,43,38,0.6459,55,48,1.3675,1.3675,5.9,4.7,56.6,37.1,,0,0,0,8,0,43,2,0,0,6,1,0,0,1,0,1,0,1,0,8,1
123,1,HG,HG-A,3,1,,,,12.05.09,20.05.09,,,,44,39,0.7155,,,,,,,,,,,,,,,,,,,,,,,,,,,,,,
124,1,HG,HG-A,3,0,1,235.6,Infected HG,12.05.09,20.05.09,11.08.09,91,F,41,36,0.5564,49,43,0.9959,0.7603,2.5,1.8,16.3,13.9,,2,1,0,0,0,39,7,1,4,4,0,0,0,2,0,1,0,1,0,4,0
125,1,HG,HG-A,3,0,0,,Uninfected,12.05.09,20.05.09,11.08.09,91,F,48,43,0.8527,58,50,1.3068,1.3068,4.1,3.9,35.3,29.7,,0,1,0,0,0,44,8,0,1,6,0,0,0,0,0,2,0,0,0,8,0
126,1,LG,LG-A,3,1,,,,12.05.09,20.05.09,,,,41,36,0.5256,,,,,,,,,,,,,,,,,,,,,,,,,,,,,,
127,1,LG,LG-A,3,0,1,108,Infected LG,12.05.09,20.05.09,11.08.09,91,M,47,42,0.8483,53,47,1.0702,0.9622,2.9,2.2,16.8,19.3,,1,0,0,0,0,46,4,1,0,3,0,0,0,3,0,2,0,0,0,2,0
128,1,LG,LG-A,3,1,,,,12.05.09,20.05.09,,,,42,37,0.6223,,,,,,,,,,,,,,,,,,,,,,,,,,,,,,
129,1,LG,LG-A,3,0,1,147.5,Infected LG,12.05.09,20.05.09,11.08.09,91,F,44,39,0.7081,52,46,1.1269,0.9794,1.6,2.1,15.2,18,,0,1,0,3,0,90,4,0,3,3,0,0,0,2,0,0,0,0,0,2,0
130,1,LG,LG-A,3,0,1,254.5,Infected LG,12.05.09,20.05.09,11.08.09,91,F,48,42,0.875,59,53,2.0972,1.8427,7.1,3.8,60.1,51.8,,0,0,0,0,0,32,1,0,3,4,0,0,0,0,0,0,0,0,0,12,1
131,1,HG,HG-B,3,1,,,,13.05.09,20.05.09,,,,42,37,0.6363,,,,,,,,,,,,,,,,,,,,,,,,,,,,,,
132,1,HG,HG-B,3,0,0,,Uninfected,13.05.09,20.05.09,11.08.09,90,F,44,39,0.7097,53,46,1.0008,1.0008,3.1,2.5,26.9,16.6,,3,0,0,0,0,63,5,0,4,4,0,1,0,1,0,0,0,0,0,0,0
133,1,HG,HG-B,3,1,,,,13.05.09,20.05.09,,,,46,41,0.831,,,,,,,,,,,,,,,,,,,,,,,,,,,,,,
134,1,HG,HG-B,3,1,,,,13.05.09,20.05.09,,,,46,41,0.7514,,,,,,,,,,,,,,,,,,,,,,,,,,,,,,
135,1,HG,HG-B,3,0,1,362.9,Infected HG,13.05.09,20.05.09,11.08.09,90,M,43,38,0.6881,57,50,1.7701,1.4072,5.7,3.8,32.5,10.2,,1,0,0,3,0,30,2,0,3,0,0,0,0,0,0,1,0,0,0,7,0
136,0,,,3,0,0,,Control,13.05.09,20.05.09,11.08.09,90,F,43,38,0.6674,51,45,0.9476,0.9476,3.4,2,15.5,13.2,,2,0,0,11,0,63,6,0,1,5,0,1,0,1,0,0,0,0,0,1,0
137,0,,,3,0,0,,Control,13.05.09,20.05.09,11.08.09,90,F,47,42,0.8643,55,48,1.2017,1.2017,1.3,3,27.2,39.8,,2,0,0,6,0,54,18,1,1,5,0,0,1,5,0,0,0,0,0,0,0
138,0,,,3,1,,,,13.05.09,20.05.09,,,,46,41,0.7678,,,,,,,,,,,,,,,,,,,,,,,,,,,,,,
139,0,,,3,0,0,,Control,13.05.09,20.05.09,11.08.09,90,M,43,38,0.618,52,46,1.1843,1.1843,4.3,3.3,29.7,8.7,,1,0,0,1,0,44,8,0,1,5,0,0,0,5,0,0,0,0,0,10,0
140,0,,,3,1,,,,13.05.09,20.05.09,,,,38,34,0.4805,,,,,,,,,,,,,,,,,,,,,,,,,,,,,,
141,1,LG,LG-B,3,1,,,,13.05.09,20.05.09,,,,41,36,0.6039,,,,,,,,,,,,,,,,,,,,,,,,,,,,,,
142,1,LG,LG-B,3,0,0,,Uninfected,13.05.09,20.05.09,11.08.09,90,M,40,36,0.5791,49,43,1.1025,1.1025,3.7,3.4,40.3,6.5,,1,0,0,0,0,40,0,0,1,3,0,0,0,1,0,1,0,0,0,4,0
143,1,LG,LG-B,3,1,,,,13.05.09,20.05.09,,,,39,35,0.4967,,,,,,,,,,,,,,,,,,,,,,,,,,,,,,
144,1,LG,LG-B,3,0,0,,Uninfected,13.05.09,20.05.09,11.08.09,90,F,42,38,0.6282,50,44,0.9599,0.9599,2.1,1.4,17.3,16.6,,1,0,0,3,0,53,8,0,3,3,0,0,0,10,0,0,0,0,0,3,0
145,1,LG,LG-B,3,1,,,,13.05.09,20.05.09,,,,39,35,0.5299,,,,,,,,,,,,,,,,,,,,,,,,,,,,,,
146,1,HG,HG-A,3,1,,,,12.05.09,20.05.09,,,,40,35,0.5218,,,,,,,,,,,,,,,,,,,,,,,,,,,,,,
147,1,HG,HG-A,3,1,,,,12.05.09,20.05.09,,,,40,35,0.5206,,,,,,,,,,,,,,,,,,,,,,,,,,,,,,
148,1,HG,HG-A,3,0,1,312.9,Infected HG,12.05.09,20.05.09,11.08.09,91,M,43,38,0.6485,55,49,1.8319,1.519,7.2,6.1,51.1,7.2,,0,0,0,0,0,39,5,0,1,8,0,0,0,1,0,0,0,0,0,14,0
149,1,HG,HG-A,3,1,,,,12.05.09,20.05.09,,,,41,36,0.5149,,,,,,,,,,,,,,,,,,,,,,,,,,,,,,
150,1,HG,HG-A,3,1,,,,12.05.09,20.05.09,,,,44,39,0.6824,,,,,,,,,,,,,,,,,,,,,,,,,,,,,,
151,1,HG,HG-A,1,1,,,,12.05.09,20.05.09,,,,44,39,0.6019,,,,,,,,,,,,,,,,,,,,,,,,,,,,,,
152,1,LG,LG-A,1,1,,,,12.05.09,20.05.09,,,,48,42,0.8863,,,,,,,,,,,,,,,,,,,,,,,,,,,,,,
153,1,HG,HG-A,2,1,,,,12.05.09,20.05.09,,,,45,39,0.8026,,,,,,,,,,,,,,,,,,,,,,,,,,,,,,
154,1,LG,LG-A,2,1,,,,12.05.09,20.05.09,,,,44,39,0.7328,,,,,,,,,,,,,,,,,,,,,,,,,,,,,,
155,1,HG,HG-A,3,0,0,,Uninfected,12.05.09,20.05.09,11.08.09,91,F,40,35,0.5597,53,47,1.1975,1.1975,3.2,4.7,41,68.5,,3,0,0,0,0,45,6,1,3,4,0,1,0,8,0,0,0,0,0,2,0
156,1,LG,LG-A,3,0,1,251,Infected LG,12.05.09,20.05.09,11.08.09,91,F,44,39,0.6868,60,53,2.1191,1.8681,9.3,5,60.6,72,,1,0,0,2,0,54,3,1,3,3,0,0,0,8,0,5,0,0,0,10,0
157,1,HG,HG-B,1,0,1,253.9,Infected HG,13.05.09,20.05.09,10.08.09,89,F,48,43,0.8163,56,50,1.3631,1.1092,2,1.3,19.2,24.7,,3,5,0,0,0,48,3,1,8,4,0,1,0,29,0,0,0,0,0,1,0
158,1,LG,LG-B,1,1,,,,13.05.09,20.05.09,,,,46,41,0.7084,,,,,,,,,,,,,,,,,,,,,,,,,,,,,,
159,1,HG,HG-B,2,1,,,,13.05.09,20.05.09,,,,49,42,0.9856,,,,,,,,,,,,,,,,,,,,,,,,,,,,,,
160,1,LG,LG-B,2,1,,,,13.05.09,20.05.09,,,,46,40,0.8469,,,,,,,,,,,,,,,,,,,,,,,,,,,,,,
161,1,HG,HG-B,3,0,1,265.3,Infected HG,13.05.09,20.05.09,11.08.09,90,M,43,38,0.6349,53,47,1.5811,1.3158,4.2,2.6,33,3.3,,3,0,0,0,0,44,6,0,8,5,0,0,0,1,0,0,1,0,0,9,0
162,1,LG,LG-B,3,1,,,,13.05.09,20.05.09,,,,43,38,0.6667,,,,,,,,,,,,,,,,,,,,,,,,,,,,,,
163,1,HG,HG-A,4,1,,,,20.05.09,27.05.09,,,,42,37,0.5782,,,,,,,,,,,,,,,,,,,,,,,,,,,,,,
164,1,HG,HG-A,4,0,1,285,Infected HG,20.05.09,27.05.09,12.08.09,84,M,40,36,0.502,48,43,1.2024,0.9174,4.7,3.1,27.8,1.5,0,3,0,0,0,0,18,3,0,1,7,0,0,0,1,0,2,0,0,0,4,0
165,1,HG,HG-A,4,0,1,254.9,Infected HG,20.05.09,27.05.09,12.08.09,84,M,41,37,0.5455,48,43,1.0321,0.7772,1.7,1.4,16.1,1.9,1,3,0,0,1,0,19,7,0,0,7,0,0,0,0,0,0,0,0,0,3,0
166,1,HG,HG-A,4,0,1,204.5,Infected HG,20.05.09,27.05.09,12.08.09,84,F,42,37,0.5619,49,43,1.1255,0.921,2.5,1.2,23.5,22.6,1,3,0,0,12,0,36,7,0,0,3,0,0,0,0,0,0,0,0,0,8,0
167,1,HG,HG-A,4,1,0,,,20.05.09,27.05.09,12.08.09,84,,43,38,0.6133,,,,,,,,,,,,,,,,,,,,,,,,,,,,,,
168,0,,,4,0,0,,Control,20.05.09,27.05.09,12.08.09,84,M,41,37,0.5888,51,45,1.2385,1.2385,3.4,5.4,37.7,9.9,0,1,0,0,0,0,36,6,0,1,11,0,0,0,1,0,1,0,0,0,13,0
169,0,,,4,0,0,,Control,20.05.09,27.05.09,12.08.09,84,M,40,36,0.5072,50,44,0.9319,0.9319,2.9,3.1,27.4,23.2,0,2,0,0,24,0,57,4,0,1,5,0,0,0,1,0,0,1,0,0,2,0
170,0,,,4,0,0,,Control,20.05.09,27.05.09,12.08.09,84,M,40,36,0.5369,49,43,0.769,0.769,1.3,1.5,16.5,18.2,0,3,0,0,1,0,87,3,1,6,1,0,0,0,10,0,0,0,0,0,0,0
171,0,,,4,0,0,,Control,20.05.09,27.05.09,12.08.09,84,M,40,36,0.5474,49,44,1.0457,1.0457,2.8,3.2,22.3,5.7,0,0,0,0,2,0,38,5,0,1,3,0,0,0,0,0,1,0,3,0,4,0
172,0,,,4,0,0,,Control,20.05.09,27.05.09,12.08.09,84,M,42,37,0.6318,49,44,0.9431,0.9431,2,2,19.7,4.4,0,3,0,0,5,0,36,11,0,1,4,0,0,0,0,0,0,0,0,0,0,0
173,1,HG,HG-B,4,0,1,275.1,Infected HG,19.05.09,27.05.09,12.08.09,85,M,41,37,0.5746,49,43,1.2297,0.9546,3.5,2.1,28.1,0.8,1,2,0,0,1,0,20,9,0,1,5,0,0,0,1,0,0,1,0,0,10,0
174,1,HG,HG-B,4,1,,,,19.05.09,27.05.09,,,,38,34,0.4539,,,,,,,,,,,,,,,,,,,,,,,,,,,,,,
175,1,HG,HG-B,4,0,0,,Uninfected,19.05.09,27.05.09,12.08.09,85,F,43,38,0.645,49,43,0.7773,0.7773,1.7,1.6,12.8,12,0,1,0,0,1,0,59,4,0,0,3,0,0,0,6,0,0,1,0,0,6,0
176,1,HG,HG-B,4,1,1,,,19.05.09,27.05.09,12.08.09,85,,38,34,0.445,,,,,,,,,,,,,,,,,,,,,,,,,,,,,,
177,1,HG,HG-B,4,1,,,,19.05.09,27.05.09,,,,40,36,0.5435,,,,,,,,,,,,,,,,,,,,,,,,,,,,,,
178,1,LG,LG-A,4,0,1,230,Infected LG,20.05.09,27.05.09,12.08.09,84,M,40,36,0.4787,53,47,1.5535,1.3235,4.6,1.9,26.8,10.7,0,2,0,0,1,0,47,4,1,3,9,0,0,0,3,0,0,0,0,0,12,1
179,1,LG,LG-A,4,0,1,115.9,Infected LG,20.05.09,27.05.09,12.08.09,84,F,40,36,0.4665,49,43,0.9302,0.8143,2.1,1.8,18.4,14,0,3,0,0,7,0,71,6,0,1,3,0,0,0,2,0,0,0,0,0,5,0
180,1,LG,LG-A,4,0,0,,Uninfected,20.05.09,27.05.09,12.08.09,84,F,42,37,0.6238,53,47,1.1381,1.1381,3.2,4.2,36.5,37.4,0,2,0,0,11,0,37,2,0,4,10,0,0,0,6,0,0,0,0,0,5,0
181,1,LG,LG-A,4,1,0,,,20.05.09,27.05.09,12.08.09,84,,42,37,0.5418,,,,,,,,,,,,,,,,,,,,,,,,,,,,,,
182,1,LG,LG-A,4,1,0,,,20.05.09,27.05.09,12.08.09,84,,40,36,0.561,,,,,,,,,,,,,,,,,,,,,,,,,,,,,,
183,1,LG,LG-B,4,0,0,,Uninfected,19.05.09,27.05.09,12.08.09,85,F,40,36,0.5361,53,46,1.0036,1.0036,3.2,2.3,25.5,28.7,0,2,0,0,0,0,39,6,0,3,8,0,0,0,2,0,0,0,0,0,2,0
184,1,LG,LG-B,4,1,,,,19.05.09,27.05.09,,,,43,38,0.5945,,,,,,,,,,,,,,,,,,,,,,,,,,,,,,
185,1,LG,LG-B,4,1,1,,,19.05.09,27.05.09,12.08.09,85,,43,38,0.6788,,,,,,,,,,,,,,,,,,,,,,,,,,,,,,
186,1,LG,LG-B,4,0,0,,Uninfected,19.05.09,27.05.09,12.08.09,85,F,45,40,0.8166,51,45,0.9021,0.9021,3,2.1,19,10.6,0,3,0,0,7,0,81,8,1,1,4,0,2,0,19,0,0,0,0,0,1,0
187,1,LG,LG-B,4,1,,,,19.05.09,27.05.09,,,,44,39,0.6681,,,,,,,,,,,,,,,,,,,,,,,,,,,,,,
188,1,HG,HG-A,4,1,0,,,20.05.09,27.05.09,12.08.09,84,,41,36,0.5675,,,,,,,,,,,,,,,,,,,,,,,,,,,,,,
189,1,HG,HG-A,4,1,,,,20.05.09,27.05.09,,,,38,34,0.461,,,,,,,,,,,,,,,,,,,,,,,,,,,,,,
190,1,HG,HG-A,4,1,,,,20.05.09,27.05.09,,,,43,38,0.6967,,,,,,,,,,,,,,,,,,,,,,,,,,,,,,
191,1,HG,HG-A,4,1,,,,20.05.09,27.05.09,,,,40,36,0.506,,,,,,,,,,,,,,,,,,,,,,,,,,,,,,
192,1,HG,HG-A,4,0,1,196.4,Infected HG,20.05.09,27.05.09,12.08.09,84,F,47,42,0.9037,50,45,1.0925,0.8961,2.6,0.9,19.4,19.7,0,2,0,0,3,0,70,6,0,4,1,0,1,0,2,0,1,0,0,0,3,0
193,0,,,4,0,0,,Control,19.05.09,27.05.09,12.08.09,85,M,36,33,0.3836,46,41,0.7447,0.7447,1.5,2,13.4,4.4,0,1,0,0,5,0,71,2,0,1,4,0,0,0,13,0,0,0,0,0,2,0
194,0,,,4,0,0,,Control,19.05.09,27.05.09,12.08.09,85,F,38,34,0.4098,44,39,0.5935,0.5935,0.7,0.6,8.5,76.2,0,3,0,0,26,0,77,3,0,0,2,0,0,0,4,0,0,0,0,0,1,0
195,0,,,4,1,,,,19.05.09,27.05.09,,,,38,34,0.4274,,,,,,,,,,,,,,,,,,,,,,,,,,,,,,
196,0,,,4,0,0,,Control,19.05.09,27.05.09,12.08.09,85,M,41,37,0.6082,50,44,0.924,0.924,2.1,2,15.5,5.6,0,1,0,0,7,0,67,6,0,0,6,0,1,0,3,0,1,0,1,0,8,0
197,0,,,4,1,0,,,19.05.09,27.05.09,12.08.09,85,,40,35,0.4874,,,,,,,,,,,,,,,,,,,,,,,,,,,,,,
198,1,HG,HG-B,4,1,,,,19.05.09,27.05.09,,,,43,38,0.6061,,,,,,,,,,,,,,,,,,,,,,,,,,,,,,
199,1,HG,HG-B,4,0,0,,Uninfected,19.05.09,27.05.09,12.08.09,85,F,47,42,0.8278,55,49,1.0499,1.0499,2.4,2.7,21.5,29.6,0,1,0,0,0,0,59,6,1,0,3,0,0,0,6,0,0,0,0,0,5,0
200,1,HG,HG-B,4,1,,,,19.05.09,27.05.09,,,,39,35,0.4774,,,,,,,,,,,,,,,,,,,,,,,,,,,,,,
201,1,HG,HG-B,4,1,1,,,19.05.09,27.05.09,12.08.09,85,,38,34,0.469,,,,,,,,,,,,,,,,,,,,,,,,,,,,,,
202,1,HG,HG-B,4,0,1,213.1,Infected HG,19.05.09,27.05.09,12.08.09,85,M,37,33,0.3922,46,40,0.9485,0.7354,3.1,3.3,18.9,1.1,1,1,0,0,0,0,24,1,0,0,6,0,0,0,0,0,1,0,0,0,4,0
203,1,LG,LG-A,4,0,1,233.9,Infected LG,20.05.09,27.05.09,12.08.09,84,M,44,39,0.6766,53,47,1.5214,1.2875,3.7,2.3,29.1,8.5,1,1,1,0,1,0,55,6,0,1,2,0,0,0,0,0,0,0,0,0,2,0
204,1,LG,LG-A,4,1,,,,20.05.09,27.05.09,,,,36,32,0.3995,,,,,,,,,,,,,,,,,,,,,,,,,,,,,,
205,1,LG,LG-A,4,1,,,,20.05.09,27.05.09,,,,42,37,0.644,,,,,,,,,,,,,,,,,,,,,,,,,,,,,,
206,1,LG,LG-A,4,1,,,,20.05.09,27.05.09,,,,42,38,0.6363,,,,,,,,,,,,,,,,,,,,,,,,,,,,,,
207,1,LG,LG-A,4,0,1,145.5,Infected LG,20.05.09,27.05.09,12.08.09,84,F,39,34,0.4584,51,45,1.2223,1.0768,3.3,5.4,26.1,22.5,0,3,0,0,0,0,48,5,0,1,7,0,0,0,1,0,0,0,0,0,5,0
208,1,LG,LG-B,4,1,0,,,19.05.09,27.05.09,12.08.09,85,,43,38,0.6569,,,,,,,,,,,,,,,,,,,,,,,,,,,,,,
209,1,LG,LG-B,4,1,,,,19.05.09,27.05.09,,,,40,36,0.5517,,,,,,,,,,,,,,,,,,,,,,,,,,,,,,
210,1,LG,LG-B,4,0,1,220.5,Infected LG,19.05.09,27.05.09,12.08.09,85,M,45,40,0.7878,53,47,1.4359,1.2154,4,2,26,7.8,0,0,0,0,1,0,76,1,0,3,1,0,0,0,2,0,0,0,0,0,4,0
211,1,LG,LG-B,4,0,0,,Uninfected,19.05.09,27.05.09,12.08.09,85,F,39,35,0.4735,47,42,0.8116,0.8116,1.9,1.3,13.1,52.4,0,3,0,0,0,0,61,1,1,4,3,0,0,0,17,0,0,0,0,0,6,0
212,1,LG,LG-B,4,0,0,,Uninfected,19.05.09,27.05.09,12.08.09,85,F,43,38,0.6562,49,43,0.7624,0.7624,1,2.4,15.3,18.8,0,1,0,1,0,1,56,2,0,2,2,0,0,0,13,0,0,0,0,0,1,1
213,1,HG,HG-A,5,1,,,,20.05.09,27.05.09,,,,46,40,0.7724,,,,,,,,,,,,,,,,,,,,,,,,,,,,,,
214,1,HG,HG-A,5,1,,,,20.05.09,27.05.09,,,,44,39,0.6244,,,,,,,,,,,,,,,,,,,,,,,,,,,,,,
215,1,HG,HG-A,5,0,0,,Uninfected,20.05.09,27.05.09,13.08.09,85,F,44,39,0.7436,48,43,0.994,0.994,2.2,1.3,10.2,21.3,0,2,0,0,10,0,52,15,0,5,4,0,1,0,0,0,0,0,0,0,9,0
216,1,HG,HG-A,5,1,,,,20.05.09,27.05.09,,,,43,37,0.6895,,,,,,,,,,,,,,,,,,,,,,,,,,,,,,
217,1,HG,HG-A,5,0,1,393,Infected HG,20.05.09,27.05.09,13.08.09,85,F,40,35,0.514,50,45,1.4744,1.0814,6.1,2.5,39,19.5,1,1,0,0,2,0,24,10,0,0,2,0,0,0,0,0,0,0,0,1,7,0
218,0,,,5,1,,,,19.05.09,27.05.09,,,,41,36,0.5309,,,,,,,,,,,,,,,,,,,,,,,,,,,,,,
219,0,,,5,1,,,,19.05.09,27.05.09,,,,42,37,0.5213,,,,,,,,,,,,,,,,,,,,,,,,,,,,,,
220,0,,,5,0,0,,Control,19.05.09,27.05.09,13.08.09,86,M,41,36,0.5484,46,41,0.8114,0.8114,3.2,1.9,15.5,5.2,0,1,0,0,2,0,44,4,1,1,0,0,0,0,1,0,0,0,0,0,4,0
221,0,,,5,0,0,,Control,19.05.09,27.05.09,13.08.09,86,M,40,36,0.562,47,42,1.0496,1.0496,3.5,1.8,19.8,7.9,0,1,0,0,0,0,39,6,0,0,2,0,0,0,0,0,0,0,0,0,4,0
222,0,,,5,0,0,,Control,19.05.09,27.05.09,13.08.09,86,M,43,38,0.6573,45,40,0.8106,0.8106,1.9,1.7,12.5,4.6,0,1,0,0,1,0,65,8,0,0,0,0,1,0,2,0,0,0,0,0,3,1
223,1,HG,HG-B,5,0,0,,Uninfected,19.05.09,27.05.09,13.08.09,86,M,40,36,0.5654,47,42,0.8967,0.8967,3,2,20.1,4.5,1,1,0,0,0,0,44,1,0,1,1,0,0,0,1,0,1,0,0,0,0,0
224,1,HG,HG-B,5,1,,,,19.05.09,27.05.09,,,,40,36,0.5861,,,,,,,,,,,,,,,,,,,,,,,,,,,,,,
225,1,HG,HG-B,5,1,,,,19.05.09,27.05.09,,,,37,33,0.3947,,,,,,,,,,,,,,,,,,,,,,,,,,,,,,
226,1,HG,HG-B,5,1,,,,19.05.09,27.05.09,,,,36,32,0.4039,,,,,,,,,,,,,,,,,,,,,,,,,,,,,,
227,1,HG,HG-B,5,1,,,,19.05.09,27.05.09,,,,41,36,0.5316,,,,,,,,,,,,,,,,,,,,,,,,,,,,,,
228,1,LG,LG-A,5,1,,,,20.05.09,27.05.09,,,,42,37,0.585,,,,,,,,,,,,,,,,,,,,,,,,,,,,,,
229,1,LG,LG-A,5,1,,,,20.05.09,27.05.09,,,,43,38,0.6073,,,,,,,,,,,,,,,,,,,,,,,,,,,,,,
230,1,LG,LG-A,5,1,,,,20.05.09,27.05.09,,,,44,39,0.7347,,,,,,,,,,,,,,,,,,,,,,,,,,,,,,
231,1,LG,LG-A,5,1,,,,20.05.09,27.05.09,,,,42,37,0.6269,,,,,,,,,,,,,,,,,,,,,,,,,,,,,,
232,1,LG,LG-A,5,0,1,288.7,Infected LG,20.05.09,27.05.09,13.08.09,85,F,47,42,0.8346,58,52,1.9995,1.7108,7.3,2.1,62.3,29,0,0,0,0,1,0,37,14,1,2,5,0,0,0,0,0,1,1,2,0,7,0
233,1,LG,LG-B,5,0,1,235.5,Infected LG,19.05.09,27.05.09,13.08.09,86,F,42,37,0.6401,50,45,1.2888,1.0533,4,2,25.6,16.8,0,0,0,0,15,0,61,14,1,1,3,0,1,0,1,0,1,0,0,0,1,0
234,1,LG,LG-B,5,1,,,,19.05.09,27.05.09,,,,42,37,0.5796,,,,,,,,,,,,,,,,,,,,,,,,,,,,,,
235,1,LG,LG-B,5,1,,,,19.05.09,27.05.09,,,,40,36,0.511,,,,,,,,,,,,,,,,,,,,,,,,,,,,,,
236,1,LG,LG-B,5,0,1,308.5,Infected LG,19.05.09,27.05.09,13.08.09,86,F,42,37,0.5724,55,49,1.5034,1.1949,5.8,2.8,38,51.2,0,1,0,0,2,0,52,5,0,2,5,0,0,0,7,0,0,0,0,0,5,0
237,1,LG,LG-B,5,0,1,235.5,Infected LG,19.05.09,27.05.09,13.08.09,86,F,40,35,0.5864,51,45,1.2826,1.0471,3.6,2.9,28.2,25.5,1,1,0,0,0,0,41,2,0,1,2,0,0,0,0,0,0,0,0,0,6,0
238,1,HG,HG-A,5,1,,,,20.05.09,27.05.09,,,,40,35,0.5138,,,,,,,,,,,,,,,,,,,,,,,,,,,,,,
239,1,HG,HG-A,5,1,,,,20.05.09,27.05.09,,,,43,38,0.6401,,,,,,,,,,,,,,,,,,,,,,,,,,,,,,
240,1,HG,HG-A,5,0,1,297,Infected HG,20.05.09,27.05.09,13.08.09,85,F,42,37,0.6105,54,48,1.6459,1.3489,5.4,3,37.5,24.4,1,1,0,0,5,0,75,9,0,1,9,0,0,0,0,0,5,0,0,0,7,0
241,1,HG,HG-A,5,1,,,,20.05.09,27.05.09,,,,44,38,0.6768,,,,,,,,,,,,,,,,,,,,,,,,,,,,,,
242,1,HG,HG-A,5,0,1,259.8,Infected HG,20.05.09,27.05.09,13.08.09,85,F,43,38,0.6422,50,44,1.1678,0.908,2.1,1.6,18.7,16.4,1,2,0,0,3,0,20,41,0,2,0,0,1,0,0,0,0,0,0,0,0,1
243,0,,,5,1,,,,20.05.09,27.05.09,,,,43,38,0.6284,,,,,,,,,,,,,,,,,,,,,,,,,,,,,,
244,0,,,5,1,,,,20.05.09,27.05.09,,,,44,39,0.7443,,,,,,,,,,,,,,,,,,,,,,,,,,,,,,
245,0,,,5,1,,,,20.05.09,27.05.09,,,,42,37,0.6067,,,,,,,,,,,,,,,,,,,,,,,,,,,,,,
246,0,,,5,1,,,,20.05.09,27.05.09,,,,44,39,0.6696,,,,,,,,,,,,,,,,,,,,,,,,,,,,,,
247,0,,,5,1,,,,20.05.09,27.05.09,,,,45,40,0.7066,,,,,,,,,,,,,,,,,,,,,,,,,,,,,,
248,1,HG,HG-B,5,0,0,,Uninfected,19.05.09,27.05.09,13.08.09,86,F,40,36,0.5267,46,40,0.6834,0.6834,1.5,0.8,12.1,17.2,0,3,6,0,2,0,76,4,1,1,0,0,0,0,1,0,0,0,0,0,2,0
249,1,HG,HG-B,5,1,,,,19.05.09,27.05.09,,,,41,36,0.516,,,,,,,,,,,,,,,,,,,,,,,,,,,,,,
250,1,HG,HG-B,5,1,,,,19.05.09,27.05.09,,,,41,36,0.5611,,,,,,,,,,,,,,,,,,,,,,,,,,,,,,
251,1,HG,HG-B,5,1,,,,19.05.09,27.05.09,,,,46,40,0.8398,,,,,,,,,,,,,,,,,,,,,,,,,,,,,,
252,1,HG,HG-B,5,1,,,,19.05.09,27.05.09,,,,43,38,0.5794,,,,,,,,,,,,,,,,,,,,,,,,,,,,,,
253,1,LG,LG-A,5,1,,,,20.05.09,27.05.09,,,,43,38,0.6849,,,,,,,,,,,,,,,,,,,,,,,,,,,,,,
254,1,LG,LG-A,5,1,,,,20.05.09,27.05.09,,,,41,36,0.542,,,,,,,,,,,,,,,,,,,,,,,,,,,,,,
255,1,LG,LG-A,5,1,0,,,20.05.09,27.05.09,13.08.09,85,,40,35,0.5221,,,,,,,,,,,,,,,,,,,,,,,,,,,,,,
256,1,LG,LG-A,5,1,0,,,20.05.09,27.05.09,13.08.09,85,,44,39,0.6477,,,,,,,,,,,,,,,,,,,,,,,,,,,,,,
257,1,LG,LG-A,5,0,1,187.8,Infected LG,20.05.09,27.05.09,13.08.09,85,M,42,37,0.5971,50,45,1.266,1.0782,5.2,2.3,25.1,2.5,0,1,0,0,2,0,49,10,0,1,1,0,0,0,4,0,1,0,1,0,4,0
258,1,LG,LG-B,5,0,1,295.4,Infected LG,19.05.09,27.05.09,13.08.09,86,F,45,40,0.7453,55,49,1.6341,1.3387,5.3,1.9,29.6,22.4,0,0,0,0,2,0,73,7,4,3,4,0,4,0,4,0,0,0,0,0,7,0
259,1,LG,LG-B,5,0,0,,Uninfected,19.05.09,27.05.09,13.08.09,86,M,42,37,0.6411,46,40,0.7485,0.7485,2.2,1.8,14.5,4.4,0,1,0,0,10,0,63,8,1,2,2,0,0,0,12,0,2,0,0,0,0,0
260,1,LG,LG-B,5,1,,,,19.05.09,27.05.09,,,,43,38,0.6547,,,,,,,,,,,,,,,,,,,,,,,,,,,,,,
261,1,LG,LG-B,5,1,,,,19.05.09,27.05.09,,,,46,40,0.7143,,,,,,,,,,,,,,,,,,,,,,,,,,,,,,
262,1,LG,LG-B,5,1,0,,,19.05.09,27.05.09,13.08.09,86,,40,36,0.5307,,,,,,,,,,,,,,,,,,,,,,,,,,,,,,
263,1,HG,HG-A,6,1,,,,20.05.09,27.05.09,,,,43,38,0.6431,,,,,,,,,,,,,,,,,,,,,,,,,,,,,,
264,1,HG,HG-A,6,1,0,,,20.05.09,27.05.09,14.08.09,86,,45,40,0.7554,,,,,,,,,,,,,,,,,,,,,,,,,,,,,,
265,1,HG,HG-A,6,0,1,285.8,Infected HG,20.05.09,27.05.09,14.08.09,86,F,48,43,1.0047,57,50,1.8562,1.5704,4.9,3.1,32.8,42.3,1,1,0,0,0,0,63,10,5,20,4,0,1,0,54,0,0,0,1,0,7,0
266,1,HG,HG-A,6,0,1,297.3,Infected HG,20.05.09,27.05.09,14.08.09,86,M,50,44,1.0196,58,51,1.6873,1.39,4.9,3.2,33.8,1.3,1,1,0,0,0,0,48,5,1,27,2,0,3,0,28,0,0,0,0,0,1,0
267,1,HG,HG-A,6,0,0,,Uninfected,20.05.09,27.05.09,14.08.09,86,F,44,39,0.7476,51,45,0.9854,0.9854,1.8,1.7,19,17.8,0,0,0,0,0,0,123,3,2,1,4,0,3,2,36,0,0,0,1,0,0,0
268,0,,,6,1,,,,19.05.09,27.05.09,,,,48,43,0.9502,,,,,,,,,,,,,,,,,,,,,,,,,,,,,,
269,0,,,6,0,0,,Control,19.05.09,27.05.09,14.08.09,87,M,42,37,0.6272,49,43,0.9616,0.9616,2.8,2.1,19.1,9.9,0,3,0,0,0,0,75,7,2,18,1,0,1,1,2,0,0,0,0,0,13,0
270,0,,,6,0,0,,Control,19.05.09,27.05.09,14.08.09,87,F,42,38,0.635,50,45,0.9943,0.9943,4.1,2.1,21.4,17,0,0,0,0,0,0,97,5,0,0,2,0,2,0,1,0,0,0,0,0,2,0
271,0,,,6,1,,,,19.05.09,27.05.09,,,,44,39,0.6306,,,,,,,,,,,,,,,,,,,,,,,,,,,,,,
272,0,,,6,0,0,,Control,19.05.09,27.05.09,14.08.09,87,F,47,42,0.8446,52,46,0.9434,0.9434,2.1,1.4,15,14.6,0,2,0,0,0,0,251,2,3,5,2,0,9,0,58,0,0,0,1,0,0,0
273,1,HG,HG-B,6,0,0,,Uninfected,19.05.09,27.05.09,14.08.09,87,F,47,42,0.9043,53,47,1.0123,1.0123,3.6,2,21.2,17.1,0,1,0,0,0,0,135,13,2,1,2,0,4,0,6,0,1,0,0,0,1,0
274,1,HG,HG-B,6,0,0,,Uninfected,19.05.09,27.05.09,14.08.09,87,M,49,44,1.0651,54,47,1.2304,1.2304,2.8,2.6,19.8,7.4,0,2,0,0,0,0,131,26,1,19,1,0,4,0,10,0,1,0,0,0,8,0
275,1,HG,HG-B,6,0,0,,Uninfected,19.05.09,27.05.09,14.08.09,87,F,47,42,0.9599,55,49,1.2342,1.2342,5.1,3.7,32.9,29.7,0,1,0,0,0,0,83,6,2,7,3,0,0,0,27,0,0,0,0,0,5,0
276,1,HG,HG-B,6,1,,,,19.05.09,27.05.09,,,,43,38,0.6327,,,,,,,,,,,,,,,,,,,,,,,,,,,,,,
277,1,HG,HG-B,6,0,0,,Uninfected,19.05.09,27.05.09,14.08.09,87,F,49,43,0.9842,57,51,1.2598,1.2598,3.9,2,28.1,27.2,0,2,0,0,0,0,86,21,4,9,1,0,5,0,65,0,0,0,0,0,4,1
278,1,LG,LG-A,6,0,1,205.1,Infected LG,20.05.09,27.05.09,14.08.09,86,F,43,38,0.6882,52,46,1.3429,1.1378,3.2,2,20.1,19.1,0,1,0,0,0,0,107,2,2,4,6,0,0,0,4,0,1,0,0,0,5,0
279,1,LG,LG-A,6,0,0,,Uninfected,20.05.09,27.05.09,14.08.09,86,M,44,39,0.7864,50,44,1.2047,1.2047,2.8,2.2,28.2,5.4,0,0,0,0,0,0,59,3,2,3,4,0,0,0,16,0,0,0,1,0,2,1
280,1,LG,LG-A,6,0,0,,Uninfected,20.05.09,27.05.09,14.08.09,86,M,45,40,0.7574,50,44,0.981,0.981,2.8,1.5,16.9,2.3,0,1,0,0,0,0,63,6,0,6,0,0,2,0,38,0,0,0,0,0,1,1
281,1,LG,LG-A,6,0,0,,Uninfected,20.05.09,27.05.09,14.08.09,86,F,49,43,0.9677,56,49,1.1658,1.1658,3.1,2.1,20.5,19.5,0,1,1,0,0,0,115,10,1,8,0,0,2,0,32,0,1,0,0,0,0,1
282,1,LG,LG-A,6,0,1,230,Infected LG,20.05.09,27.05.09,14.08.09,86,F,46,41,0.8347,57,50,1.6449,1.4149,4.8,3.4,29.1,19.8,0,0,0,0,0,0,88,9,2,12,5,0,1,0,24,0,0,0,0,0,12,0
283,1,LG,LG-B,6,0,0,,Uninfected,19.05.09,27.05.09,14.08.09,87,F,50,45,1.0949,58,53,1.6618,1.6618,6.1,3.7,36.5,24.3,0,1,0,0,0,0,76,7,1,8,7,0,2,0,24,0,0,0,0,0,2,0
284,1,LG,LG-B,6,0,1,224,Infected LG,19.05.09,27.05.09,14.08.09,87,M,48,43,0.9137,55,49,1.4825,1.2585,3.5,1.7,21,19.2,0,2,0,0,0,0,105,14,3,14,4,0,1,0,59,0,0,0,0,0,5,1
285,1,LG,LG-B,6,0,1,276.5,Infected LG,19.05.09,27.05.09,14.08.09,87,F,44,39,0.7181,56,50,1.6099,1.3334,4.2,2.7,24.9,49.4,0,0,0,0,0,0,113,17,1,10,5,0,3,0,7,0,0,0,0,0,5,0
286,1,LG,LG-B,6,0,1,289.8,Infected LG,19.05.09,27.05.09,14.08.09,87,F,50,45,1.1973,60,53,1.8685,1.5787,3.6,2.4,25.2,54.3,0,3,0,0,0,0,137,42,0,16,3,0,0,0,10,0,0,0,0,0,2,0
287,1,LG,LG-B,6,0,1,302.4,Infected LG,19.05.09,27.05.09,14.08.09,87,M,43,38,0.6704,51,46,1.2867,0.9843,3.5,1.9,16.8,0.6,1,2,0,0,0,0,36,25,1,21,2,0,0,0,80,0,1,0,2,0,8,1
288,1,HG,HG-A,6,0,0,,Uninfected,20.05.09,27.05.09,14.08.09,86,M,45,40,0.8726,51,45,1.181,1.181,4.9,2.8,24.9,9.4,0,0,1,0,0,0,57,22,1,11,5,0,1,0,23,0,1,0,0,0,1,1
289,1,HG,HG-A,6,0,0,,Uninfected,20.05.09,27.05.09,14.08.09,86,F,44,39,0.7641,54,48,1.2993,1.2993,5.5,4.6,36.2,27.6,0,0,0,0,0,0,43,3,1,7,4,0,1,0,25,0,1,0,0,0,5,0
290,1,HG,HG-A,6,0,1,309.5,Infected HG,20.05.09,27.05.09,14.08.09,86,M,41,36,0.6196,49,43,1.2516,0.9421,3.1,2.6,22.3,1.3,1,3,0,0,0,0,28,10,0,22,3,0,0,0,14,0,0,0,1,0,9,0
291,1,HG,HG-A,6,0,1,289.9,Infected HG,20.05.09,27.05.09,14.08.09,86,M,44,40,0.693,53,47,1.3996,1.1097,3.2,3.1,19.8,1.1,1,2,0,0,0,0,53,35,5,15,5,0,2,0,4,0,0,0,0,0,2,0
292,1,HG,HG-A,6,0,1,311.9,Infected HG,20.05.09,27.05.09,14.08.09,86,M,46,41,0.8642,54,48,1.6761,1.3642,4.3,3.2,26.9,3.6,0,1,0,0,0,0,49,7,0,15,2,0,2,0,5,0,2,0,0,0,10,0
293,0,,,6,0,0,,Control,20.05.09,27.05.09,14.08.09,86,F,42,37,0.5693,51,46,1.2014,1.2014,3.9,2.4,30.3,24.6,0,1,0,0,0,0,82,8,1,1,2,0,0,0,3,0,0,0,0,0,0,0
294,0,,,6,0,0,,Control,20.05.09,27.05.09,14.08.09,86,M,50,45,1.0388,54,49,1.296,1.296,4.3,3.2,35.1,9.1,0,2,0,0,0,0,90,18,1,2,7,1,6,0,9,0,0,0,0,0,1,0
295,0,,,6,0,0,,Control,20.05.09,27.05.09,14.08.09,86,M,40,36,0.53,45,40,0.8485,0.8485,3.9,1.7,14.7,4.2,0,1,0,0,0,0,55,4,1,13,1,0,4,0,28,0,1,0,0,0,4,1
296,0,,,6,0,0,,Control,20.05.09,27.05.09,14.08.09,86,M,44,39,0.6777,50,44,0.9984,0.9984,4,2.5,16.2,6.4,0,1,0,0,0,0,69,6,0,2,3,0,1,0,7,0,0,0,0,0,4,0
297,0,,,6,0,0,,Control,20.05.09,27.05.09,14.08.09,86,F,39,35,0.4881,47,42,0.7484,0.7484,1.5,1.4,12.2,8.8,0,1,0,0,0,0,95,2,3,6,2,0,1,0,75,0,0,1,0,0,5,0
298,1,HG,HG-B,6,0,1,295.7,Infected HG,19.05.09,27.05.09,14.08.09,87,M,49,43,0.9899,55,49,1.4962,1.2005,4,3.3,17,2.9,1,2,0,0,0,0,119,17,0,5,2,0,0,0,6,1,1,0,0,0,5,0
299,1,HG,HG-B,6,1,,,,19.05.09,27.05.09,,,,47,42,0.8155,,,,,,,,,,,,,,,,,,,,,,,,,,,,,,
300,1,HG,HG-B,6,0,1,189.7,Infected HG,19.05.09,27.05.09,14.08.09,87,M,45,40,0.7823,50,44,1.0435,0.8538,1.7,1.6,8.9,0.7,1,3,0,0,0,0,55,10,0,27,2,0,1,0,90,0,1,0,0,0,1,0
301,1,HG,HG-B,6,0,1,300.5,Infected HG,19.05.09,27.05.09,14.08.09,87,M,43,39,0.6969,52,46,1.3947,1.0942,2.7,3,21.6,2.3,1,1,0,0,0,0,70,6,11,22,6,0,0,0,28,0,0,0,0,0,6,0
302,1,HG,HG-B,6,1,0,,,19.05.09,27.05.09,14.08.09,87,,42,37,0.6111,,,,,,,,,,,,,,,,,,,,,,,,,,,,,,
303,1,LG,LG-A,6,0,1,173.4,Infected LG,20.05.09,27.05.09,14.08.09,86,F,48,43,0.9232,55,49,1.3856,1.2122,3.5,1.4,19.6,23.7,0,1,0,0,0,0,123,11,1,4,3,0,0,0,7,0,0,0,0,0,1,1
304,1,LG,LG-A,6,0,0,,Uninfected,20.05.09,27.05.09,14.08.09,86,F,44,39,0.6952,55,49,1.1568,1.1568,3.3,2,21.8,27.7,0,3,0,0,0,0,97,5,0,4,3,0,2,0,15,0,0,0,0,0,13,0
305,1,LG,LG-A,6,0,0,,Uninfected,20.05.09,27.05.09,14.08.09,86,F,49,44,0.9432,58,52,1.4175,1.4175,4.2,4.3,37.9,35.4,0,1,0,0,0,0,57,7,2,6,4,0,2,0,36,0,0,0,0,0,7,0
306,1,LG,LG-A,6,0,0,,Uninfected,20.05.09,27.05.09,14.08.09,86,F,45,40,0.7904,55,50,1.4649,1.4649,7.2,3.5,49.2,21.8,0,0,0,0,0,0,54,2,0,5,5,1,0,1,3,0,0,0,0,0,4,0
307,1,LG,LG-A,6,1,,,,20.05.09,27.05.09,,,,40,36,0.5733,,,,,,,,,,,,,,,,,,,,,,,,,,,,,,
308,1,LG,LG-B,6,0,0,,Uninfected,19.05.09,27.05.09,14.08.09,87,F,40,36,0.5631,52,46,1.1061,1.1061,3.6,2.5,26.2,19.4,0,0,0,0,0,0,94,3,0,3,0,0,1,0,4,0,0,0,0,0,6,1
309,1,LG,LG-B,6,0,0,,Uninfected,19.05.09,27.05.09,14.08.09,87,M,43,38,0.6878,49,43,1.0738,1.0738,4.1,3.2,21.7,6.4,0,0,0,0,0,0,65,4,0,2,3,0,2,0,38,0,0,0,0,0,3,0
310,1,LG,LG-B,6,0,1,287.4,Infected LG,19.05.09,27.05.09,14.08.09,87,F,46,41,0.8423,54,48,1.4835,1.1961,2.3,1.2,25,27.9,0,2,0,0,0,0,103,7,0,8,6,0,0,0,8,0,0,0,0,0,5,0
311,1,LG,LG-B,6,1,,,,19.05.09,27.05.09,,,,40,36,0.5423,,,,,,,,,,,,,,,,,,,,,,,,,,,,,,
312,1,LG,LG-B,6,1,,,,19.05.09,27.05.09,,,,42,37,0.6051,,,,,,,,,,,,,,,,,,,,,,,,,,,,,,
313,1,HG,HG-B,4,0,0,,Uninfected,19.05.09,27.05.09,12.08.09,85,F,40,36,0.5261,48,42,0.6311,0.6311,0.8,0.8,13.3,25.4,0,3,0,0,82,0,77,8,0,5,3,0,0,0,1,0,0,0,0,0,0,0
314,1,LG,LG-B,4,1,,,,19.05.09,27.05.09,,,,38,34,0.4512,,,,,,,,,,,,,,,,,,,,,,,,,,,,,,
315,1,HG,HG-B,5,1,,,,19.05.09,27.05.09,,,,40,36,0.5603,,,,,,,,,,,,,,,,,,,,,,,,,,,,,,
316,1,LG,LG-B,5,0,1,245.3,Infected LG,19.05.09,27.05.09,13.08.09,86,M,40,35,0.5435,47,40,1.1082,0.8629,2.7,1.7,17.2,2,0,1,1,0,7,0,64,8,2,0,3,0,0,0,1,0,2,0,0,0,8,0
317,1,HG,HG-B,6,1,,,,19.05.09,27.05.09,,,,43,38,0.7122,,,,,,,,,,,,,,,,,,,,,,,,,,,,,,
318,1,LG,LG-B,6,0,0,,Uninfected,19.05.09,27.05.09,14.08.09,87,M,39,35,0.5101,47,42,0.8468,0.8468,2.5,2.1,17.8,2.7,0,1,0,0,0,0,69,2,0,1,3,0,2,0,52,0,0,0,0,0,4,0
319,1,LG,LG-A,4,1,0,,,20.05.09,27.05.09,12.08.09,84,,42,38,0.6063,,,,,,,,,,,,,,,,,,,,,,,,,,,,,,
320,1,HG,HG-A,4,0,1,329.4,Infected HG,20.05.09,27.05.09,12.08.09,84,M,40,36,0.5024,51,46,1.4718,1.1424,5.7,3.3,46.1,2.1,1,3,0,0,14,0,21,1,0,3,7,0,0,0,1,0,1,0,0,0,7,0
321,1,LG,LG-A,5,1,,,,20.05.09,27.05.09,,,,38,33,0.439,,,,,,,,,,,,,,,,,,,,,,,,,,,,,,
322,1,HG,HG-A,5,1,,,,20.05.09,27.05.09,,,,42,37,0.6413,,,,,,,,,,,,,,,,,,,,,,,,,,,,,,
323,1,LG,LG-A,6,0,1,199.1,Infected LG,20.05.09,27.05.09,14.08.09,86,F,48,43,0.9816,57,51,1.6589,1.4598,4.7,2.7,23.4,22.3,0,0,0,0,0,0,95,12,0,6,6,0,1,0,37,0,1,0,0,0,6,0
324,1,HG,HG-A,6,0,1,364.1,Infected HG,20.05.09,27.05.09,14.08.09,86,F,50,45,1.0428,57,51,1.761,1.3969,6.1,3.6,26.7,31.2,0,1,0,0,0,0,96,19,3,26,4,0,2,0,10,0,1,0,0,0,9,0
Unassigned,,,,1,0,0,,,,,10.08.09,,F,,,,55,48,1.2859,1.2859,1.7,2.5,41.9,32.9,0,3,1,0,0,0,62,1,0,3,3,0,0,0,1,0,0,1,0,0,0,0
Unassigned,,,,3,0,0,,,,,11.08.09,,M,,,,52,46,1.0157,1.0157,1.8,2.7,18.3,9.4,0,1,0,0,0,0,57,16,2,2,0,0,0,0,8,0,3,0,0,0,5,0
Unassigned,,,,3,1,0,,,,,11.08.09,,,,,,,,,,,,,,,,,,,,,,,,,,,,,,,,,,,
Unassigned,,,,4,0,0,,,,,12.08.09,,F,,,,48,43,0.8748,0.8748,3.7,2.6,24.3,48.9,0,2,0,0,10,0,55,7,0,0,2,0,1,1,6,0,0,0,0,0,3,0
Unassigned,,,,4,0,0,,,,,12.08.09,,M,,,,48,42,0.9815,0.9815,2.8,2.6,23.6,9.3,0,1,1,0,4,0,38,12,0,2,6,0,0,0,1,0,3,0,2,0,18,0
Unassigned,,,,5,0,1,250.5,,,,13.08.09,,M,,,,50,45,1.2616,1.0111,4.4,2.7,24.5,25,1,1,0,0,0,0,46,9,1,1,3,0,1,0,0,0,1,0,0,0,8,0
Unassigned,,,,6,0,0,,,,,14.08.09,,M,,,,49,43,0.9577,0.9577,3,2.2,15.8,7.2,0,1,0,0,0,0,47,30,1,10,2,0,1,0,19,0,0,0,0,0,1,0
Unassigned,,,,6,1,0,,,,,14.08.09,,,,,,,,,,,,,,,,,,,,,,,,,,,,,,,,,,,
